"Employee Number","First Name","Last Name","Department Name"
10001,Georgi,Facello,Development
10002,Bezalel,Simmel,Sales
10003,Parto,Bamford,Production
10004,Chirstian,Koblick,Production
10005,Kyoichi,Maliniak,"Human Resources"
10006,Anneke,Preusig,Development
10007,Tzvetan,Zielinski,Research
10008,Saniya,Kalloufi,Development
10009,Sumant,Peac,"Quality Management"
10010,Duangkaew,Piveteau,Production
10010,Duangkaew,Piveteau,"Quality Management"
10011,Mary,Sluis,"Customer Service"
10012,Patricio,Bridgland,Development
10013,Eberhardt,Terkki,"Human Resources"
10014,Berni,Genin,Development
10015,Guoxiang,Nooteboom,Research
10016,Kazuhito,Cappelletti,Sales
10017,Cristinel,Bouloucos,Marketing
10018,Kazuhide,Peha,Production
10018,Kazuhide,Peha,Development
10019,Lillian,Haddadi,Research
10020,Mayuko,Warwick,Production
10021,Ramzi,Erde,Development
10022,Shahaf,Famili,Development
10023,Bojan,Montemayor,Development
10024,Suzette,Pettey,Production
10025,Prasadram,Heyers,Development
10026,Yongqiao,Berztiss,Production
10027,Divier,Reistad,Development
10028,Domenick,Tempesti,Development
10029,Otmar,Herbst,Production
10029,Otmar,Herbst,"Quality Management"
10030,Elvis,Demeyer,Production
10031,Karsten,Joslin,Development
10032,Jeong,Reistad,Production
10033,Arif,Merlo,"Quality Management"
10034,Bader,Swan,Sales
10035,Alain,Chappelet,Production
10036,Adamantios,Portugali,"Human Resources"
10037,Pradeep,Makrucki,Development
10038,Huan,Lortz,"Customer Service"
10039,Alejandro,Brender,"Human Resources"
10040,Weiyi,Meriste,Development
10040,Weiyi,Meriste,Research
10041,Uri,Lenart,Sales
10042,Magy,Stamatiou,Finance
10043,Yishay,Tzvieli,Development
10044,Mingsen,Casley,Production
10045,Moss,Shanbhogue,Production
10046,Lucien,Rosenbaum,Research
10047,Zvonko,Nyanchama,Production
10048,Florian,Syrotiuk,Development
10049,Basil,Tramer,"Customer Service"
10050,Yinghua,Dredge,Finance
10050,Yinghua,Dredge,Sales
10051,Hidefumi,Caine,Production
10052,Heping,Nitsch,Research
10053,Sanjiv,Zschoche,Sales
10054,Mayumi,Schueller,"Human Resources"
10055,Georgy,Dredge,Marketing
10056,Brendon,Bernini,Development
10057,Ebbe,Callaway,Development
10058,Berhard,McFarlin,Marketing
10059,Alejandro,McAlpine,Finance
10060,Breannda,Billingsley,Sales
10060,Breannda,Billingsley,"Customer Service"
10061,Tse,Herber,Sales
10062,Anoosh,Peyn,Development
10063,Gino,Leonhardt,Production
10064,Udi,Jansch,Research
10065,Satosi,Awdeh,Development
10066,Kwee,Schusler,Development
10067,Claudi,Stavenow,"Quality Management"
10068,Charlene,Brattka,Sales
10069,Margareta,Bierman,Production
10070,Reuven,Garigliano,Development
10070,Reuven,Garigliano,Research
10071,Hisao,Lipner,"Human Resources"
10072,Hironoby,Sidou,Development
10073,Shir,McClurg,"Quality Management"
10074,Mokhtar,Bernatsky,Development
10075,Gao,Dolinsky,Development
10076,Erez,Ritzmann,Development
10077,Mona,Azuma,"Human Resources"
10078,Danel,Mondadori,Development
10079,Kshitij,Gils,Development
10080,Premal,Baek,Finance
10080,Premal,Baek,"Human Resources"
10081,Zhongwei,Rosen,Production
10082,Parviz,Lortz,Research
10083,Vishv,Zockler,Production
10084,Tuval,Kalloufi,Production
10085,Kenroku,Malabarba,Production
10086,Somnath,Foote,"Human Resources"
10087,Xinglin,Eugenio,Sales
10088,Jungsoon,Syrzycki,Sales
10088,Jungsoon,Syrzycki,"Customer Service"
10089,Sudharsan,Flasterstein,Sales
10090,Kendra,Hofting,Development
10091,Amabile,Gomatam,Development
10092,Valdiodio,Niizuma,Development
10093,Sailaja,Desikan,Sales
10094,Arumugam,Ossenbruggen,Research
10095,Hilari,Morton,Sales
10096,Jayson,Mandell,Production
10097,Remzi,Waschkowski,Research
10098,Sreekrishna,Servieres,Production
10098,Sreekrishna,Servieres,"Customer Service"
10099,Valter,Sullins,Sales
10100,Hironobu,Haraldson,"Human Resources"
10101,Perla,Heyers,Sales
10102,Paraskevi,Luby,Production
10103,Akemi,Birch,Development
10104,Xinyu,Warwick,Research
10105,Hironoby,Piveteau,"Human Resources"
10106,Eben,Aingworth,Production
10107,Dung,Baca,Sales
10108,Lunjin,Giveon,Marketing
10108,Lunjin,Giveon,"Human Resources"
10109,Mariusz,Prampolini,Production
10110,Xuejia,Ullian,"Human Resources"
10111,Hugo,Rosis,"Quality Management"
10112,Yuichiro,Swick,"Customer Service"
10113,Jaewon,Syrzycki,Production
10114,Munir,Demeyer,Research
10115,Chikara,Rissland,"Customer Service"
10116,Dayanand,Czap,Development
10116,Dayanand,Czap,Research
10117,Kiyotoshi,Blokdijk,Production
10118,Zhonghui,Zyda,Development
10119,Domenick,Peltason,Production
10120,Armond,Fairtlough,Production
10121,Guoxiang,Ramsay,Development
10122,Ohad,Esposito,Development
10123,Hinrich,Randi,Production
10124,Geraldo,Marwedel,Production
10124,Geraldo,Marwedel,"Quality Management"
10125,Syozo,Hiltgen,Sales
10126,Kayoko,Valtorta,"Customer Service"
10127,Subir,Baja,Development
10128,Babette,Lamba,"Customer Service"
10129,Armond,Peir,Development
10130,Nishit,Casperson,Production
10131,Magdalena,Eldridge,Production
10132,Ayakannu,Skrikant,Finance
10133,Giri,Isaak,Production
10134,Diederik,Siprelle,Production
10134,Diederik,Siprelle,Development
10135,Nathan,Monkewich,Production
10136,Zissis,Pintelas,Sales
10137,Maren,Hutton,"Customer Service"
10138,Perry,Shimshoni,"Quality Management"
10139,Ewing,Foong,Development
10140,Yucel,Auria,Marketing
10141,Shahaf,Ishibashi,Research
10142,Tzvetan,Hettesheimer,Development
10143,Sakthirel,Bakhtari,Development
10144,Marla,Brendel,Finance
10144,Marla,Brendel,"Human Resources"
10145,Akemi,Esposito,Development
10146,Chenyi,Syang,Finance
10147,Kazuhito,Encarnacion,Finance
10148,Douadi,Azumi,Sales
10149,Xiadong,Perry,Sales
10150,Zhenbing,Perng,Development
10151,Itzchak,Lichtner,Sales
10152,Jaques,Munro,"Quality Management"
10153,Heekeun,Majewski,Development
10154,Abdulah,Thibadeau,"Customer Service"
10155,Adas,Nastansky,Production
10155,Adas,Nastansky,Research
10156,Sumali,Fargier,"Quality Management"
10157,Nigel,Aloisi,Development
10158,Khedija,Mitsuhashi,Production
10159,Serif,Buescher,"Quality Management"
10160,Debatosh,Khasidashvili,Sales
10161,Hairong,Mellouli,Production
10162,Florina,Eugenio,Production
10163,Karsten,Szmurlo,"Human Resources"
10164,Jagoda,Braunmuhl,Production
10164,Jagoda,Braunmuhl,"Customer Service"
10165,Miyeon,Macedo,Finance
10166,Samphel,Siegrist,Development
10167,Duangkaew,Rassart,Production
10168,Dharmaraja,Stassinopoulos,Research
10169,Sampalli,Snedden,Development
10170,Kasturi,Jenevein,Production
10171,Herbert,Trachtenberg,Production
10172,Shigeu,Matzen,Development
10172,Shigeu,Matzen,Research
10173,Shrikanth,Mahmud,Finance
10174,Badri,Furudate,Production
10175,Aleksandar,Ananiadou,Marketing
10176,Brendon,Lenart,"Customer Service"
10177,Pragnesh,Iisaka,Finance
10178,Valery,Litvinov,Sales
10179,Deniz,Duclos,Development
10180,Shaw,Wendorf,Finance
10181,Sibyl,Nooteboom,Development
10182,Moriyoshi,Merey,Development
10182,Moriyoshi,Merey,Research
10183,Mechthild,Bonifati,"Customer Service"
10184,Mihalis,Lowrie,"Customer Service"
10185,Duro,Sidhu,Sales
10186,Shigehito,Kropatsch,Finance
10187,Tommaso,Narwekar,Finance
10188,Christ,Muchinsky,Production
10189,Khalid,Erva,Development
10190,Arve,Fairtlough,Production
10191,Zdislav,Nastansky,Development
10192,Mohua,Falck,Production
10192,Mohua,Falck,"Quality Management"
10193,Masaru,Cheshire,Development
10194,Josyula,Hofmeyr,Finance
10195,Annemarie,Redmiles,Production
10196,Marc,Hellwagner,Finance
10197,Kasidit,Krzyzanowski,Development
10198,Pranav,Furedi,Development
10199,Kazuhisa,Ranta,Sales
10200,Vidya,Awdeh,Production
10200,Vidya,Awdeh,"Quality Management"
10201,Idoia,Kavraki,Development
10202,Greger,Lichtner,Development
10203,Steen,Escriba,Research
10204,Nevio,Ritcey,Development
10205,Mabhin,Leijenhorst,Production
10206,Alassane,Iwayama,Development
10207,Girolamo,Anandan,Development
10208,Xiping,Klerer,Marketing
10209,Yolla,Ellozy,Finance
10209,Yolla,Ellozy,Sales
10210,Yuping,Alpin,"Customer Service"
10211,Vishu,Strehl,Development
10212,Divier,Esteva,Development
10213,Jackson,Kakkad,"Customer Service"
10214,Tadahiko,Ciolek,Sales
10215,Xiaobin,Duclos,Sales
10216,Amstein,Ghemri,Research
10217,Yongmin,Roison,Production
10218,Zhenhua,Magalhaes,Production
10219,Genta,Kolvik,Development
10219,Genta,Kolvik,"Customer Service"
10220,Kish,Fasbender,Finance
10221,Yucai,Granlund,Production
10222,Tze,Nourani,Production
10223,Carrsten,Schmiedel,Development
10224,Leon,Trogemann,Production
10225,Kellie,Chinen,"Customer Service"
10226,Xinglin,Plessier,Sales
10227,Anneli,Kaiser,Development
10228,Karoline,Cesareni,Marketing
10228,Karoline,Cesareni,Sales
10229,Ulises,Takanami,"Quality Management"
10230,Clyde,Vernadat,Research
10231,Shaowen,Desikan,"Customer Service"
10232,Marko,Auria,Sales
10233,Lein,Vendrig,"Human Resources"
10234,Arunachalam,Bakhtari,Sales
10235,Susanta,Roccetti,Production
10236,Susumu,Bade,Sales
10237,Yannis,Mandell,Sales
10238,Mototsugu,Gire,Development
10238,Mototsugu,Gire,Research
10239,Nikolaos,Llado,Marketing
10240,Remko,Maccarone,"Quality Management"
10241,Ortrud,Murillo,Finance
10242,Lunjin,Ozeri,Production
10243,Wonhee,Pouyioutas,Sales
10244,Foong,Flasterstein,Development
10245,Ramalingam,Gente,Research
10246,Basem,Teitelbaum,Production
10247,Heon,Riefers,Production
10248,Frederique,Tempesti,Sales
10249,Marie,Boreale,Development
10249,Marie,Boreale,Research
10250,Serap,Etalle,"Quality Management"
10251,Alair,Rosenbaum,Research
10252,Shirish,Wegerle,Production
10253,Zsolt,Salinas,Sales
10254,Shen,Brattka,Sales
10255,Roddy,Garnick,Production
10256,Irene,Radhakrishnan,Sales
10257,Aiman,Riexinger,Production
10258,Basil,Ishibashi,Development
10259,Susanna,Vesel,Marketing
10259,Susanna,Vesel,"Customer Service"
10260,Alper,Suomi,Production
10261,Mang,Erie,Development
10262,Mahendra,Maraist,Sales
10263,Takahiro,Waterhouse,Finance
10264,Nalini,Kawashimo,Development
10265,Ramalingam,Muniz,"Quality Management"
10266,Sukumar,Rassart,Production
10267,Shaunak,Cullers,Production
10268,Nishit,Siochi,Production
10268,Nishit,Siochi,Development
10269,Taizo,Oxman,Production
10270,Bedir,Hartvigsen,Sales
10271,Sham,Eastman,Development
10272,Yishai,Cannane,Finance
10273,Baocai,Lieblein,Sales
10274,Dmitri,Pearson,Development
10275,Marek,Luck,Development
10276,Xuejun,Hempstead,Development
10277,Isaac,Schwartzbauer,Sales
10278,Lubomir,Nitsch,Development
10279,Barton,Jumpertz,Production
10279,Barton,Jumpertz,"Customer Service"
10280,Stabislas,Delgrange,"Human Resources"
10281,Moty,Kusakari,"Quality Management"
10282,Hercules,Benzmuller,Production
10283,Kauko,Birjandi,Development
10284,Masali,Murrill,Production
10285,Zhonghui,Preusig,Research
10286,Saddek,Gopalakrishnan,"Customer Service"
10287,Marie,Pietracaprina,Development
10287,Marie,Pietracaprina,Research
10288,Selwyn,Perri,Production
10289,Shay,Poulakidas,Development
10290,Yongmao,Pleszkun,Development
10291,Dipayan,Seghrouchni,Sales
10292,Yucel,Ghelli,Sales
10293,Mihalis,Avouris,Production
10294,Rutger,Miara,Development
10295,Kristine,Velardi,Finance
10296,Petter,Lorho,Sales
10297,Narain,Oaver,Production
10298,Dietrich,DuCasse,Production
10298,Dietrich,DuCasse,Research
10299,Ipke,Stentiford,Sales
10300,Tadahiko,Ulupinar,Production
10301,Lucien,Staudhammer,Finance
10302,Faiza,Baer,Sales
10303,Marlo,Zschoche,Production
10304,Bernt,Erie,Sales
10305,Hirochika,Piancastelli,Development
10306,Heng,Kilgour,Sales
10307,Nikolaos,Leaver,Production
10307,Nikolaos,Leaver,"Quality Management"
10308,Dzung,Holburn,Sales
10309,Prodip,Schusler,Development
10310,Aksel,Alencar,Production
10311,Hsiangchu,Molenkamp,Development
10312,Rasiah,Deyuan,Production
10313,Subbu,Riexinger,Research
10314,Christfried,Apsitis,Sales
10315,Maris,Angelopoulos,Development
10316,Christoper,Schwaller,"Quality Management"
10317,Arie,Birge,Production
10317,Arie,Birge,Research
10318,Mototsugu,Beilner,Development
10319,Mechthild,Miyakawa,Sales
10320,Uinam,Stasinski,Sales
10321,Guenter,Ravishankar,Sales
10322,Isamu,Dahlbom,Development
10323,Kankanahalli,Hinsberger,Production
10324,Bernardo,Rouquie,Development
10325,Arunachalam,Badr,"Human Resources"
10326,Masali,Czap,Research
10327,Roded,Facello,Development
10327,Roded,Facello,Research
10328,Serenella,Kawashima,Development
10329,Remko,Shigei,Production
10330,Kasturi,Bellmore,Sales
10331,Arto,Binkley,Sales
10332,Masanao,Bain,Production
10333,Snehasis,Dymetman,Development
10334,Falguni,Erie,"Customer Service"
10335,Toshimori,Bahi,Sales
10335,Toshimori,Bahi,"Customer Service"
10336,Goa,Rothe,Research
10337,Jeong,Sadowsky,Production
10338,Heon,Ranai,"Customer Service"
10339,Teunis,Liedekerke,Production
10340,Djelloul,Laventhal,Marketing
10341,Wilmer,Greenaway,Production
10342,Stella,Hiroyama,Development
10343,Dinah,Syrzycki,"Quality Management"
10344,Uwe,Garnier,Production
10344,Uwe,Garnier,"Quality Management"
10345,Arra,Ratnakar,Development
10346,Aamod,Radwan,Sales
10347,Pradeep,Kaminger,Research
10348,Mahendra,Picco,Production
10349,Oksana,Brodie,"Customer Service"
10350,Kristen,Kavvadias,Production
10351,Tadahiko,Strehl,Finance
10352,Erzsebet,Ohori,Development
10353,Phule,Hammerschmidt,Marketing
10354,Moto,Kusakari,Finance
10354,Moto,Kusakari,"Human Resources"
10355,Satyanarayana,Cochrane,Sales
10356,Vasilis,Standera,Research
10357,Hausi,Sidhu,"Quality Management"
10358,Qunsheng,Tagansky,Development
10359,Heekeun,Sambasivam,Development
10360,Irene,Munck,"Human Resources"
10361,Seshu,Sidou,Sales
10362,Shalesh,dAstous,"Human Resources"
10363,Toshiki,Muniz,Production
10363,Toshiki,Muniz,"Quality Management"
10364,Nakhoon,Dengi,Production
10365,Rosine,Granlund,Research
10366,Morrie,Piazza,Development
10367,Hyuckchul,Gini,Marketing
10368,Hatim,Koshiba,Production
10369,Qunsheng,Toyoshima,Sales
10370,Clyde,Fandrianto,Sales
10371,Ioana,Kirkerud,Production
10372,Anneli,Frijda,Production
10373,Hongzue,Heijenga,Development
10374,Willard,Rosin,Sales
10374,Willard,Rosin,"Customer Service"
10375,Dante,Kalafatis,Sales
10376,Fai,Bale,Production
10377,Marl,Grospietsch,Production
10378,Takahira,Lichtner,Sales
10379,Mikhail,Rosis,Development
10380,Alejandro,Kamble,Sales
10381,Jiong,Parfitt,Production
10382,Shirish,Dredge,Production
10382,Shirish,Dredge,"Customer Service"
10383,Leucio,Aumann,Production
10384,Feiyu,Luft,Marketing
10385,Khatoun,Imataki,Production
10386,Eishiro,Miyakawa,Development
10387,Parto,Wrigley,"Customer Service"
10388,Hironoby,Kaiser,Sales
10389,Make,Peir,Development
10390,Wanqing,Bratten,"Quality Management"
10391,Hongzue,Akaboshi,Development
10392,Jiann,Hainaut,Production
10392,Jiann,Hainaut,"Quality Management"
10393,Yagil,DasSarma,Production
10394,Shawna,Meriste,Development
10395,Takahiro,Deverell,Development
10396,Sibyl,Rahier,Development
10397,Irena,Reutenauer,Production
10398,Shooichi,Escriba,Sales
10399,Guenter,Marchegay,Sales
10400,Ortrud,Nitto,Sales
10401,Eckart,Barriga,"Quality Management"
10402,Volkmar,Ebeling,"Quality Management"
10403,Atreyi,Mungall,Finance
10403,Atreyi,Mungall,Sales
10404,Prodip,Rosti,Development
10405,Hilary,Budinsky,"Quality Management"
10406,Sigeru,Wynblatt,"Quality Management"
10407,Ulf,Siepmann,Sales
10408,Martijn,Kaiser,Sales
10409,Mario,Straney,Development
10410,Takahito,Gecsei,Sales
10411,Lidong,Klerer,Sales
10412,Masoud,Fabrizio,Production
10412,Masoud,Fabrizio,"Customer Service"
10413,Danel,Impagliazzo,"Human Resources"
10414,Yinlin,Alpin,Development
10415,Mark,Coorg,Development
10416,Uli,Keustermans,Finance
10417,Bingning,Bakhtari,Sales
10418,Candida,Porotnikoff,Marketing
10419,Maria,Bauknecht,Research
10420,Kaijung,Riesenhuber,Research
10421,Divine,Marzano,"Customer Service"
10422,Greger,Rubsam,Production
10422,Greger,Rubsam,"Quality Management"
10423,Dante,Cronin,Research
10424,Babette,Straney,Development
10425,Sashi,Osgood,Production
10426,Arunas,Luce,Development
10427,Khosrow,Sudbeck,Sales
10428,Cathie,Brlek,"Human Resources"
10429,Martien,Improta,Development
10430,Ferdinand,Chenney,Production
10430,Ferdinand,Chenney,"Customer Service"
10431,Patricio,Bugrara,Sales
10432,Hisao,Tiemann,"Customer Service"
10433,Reuven,Dengi,"Quality Management"
10434,Dzung,Peltason,Production
10435,Marsha,Tagansky,Development
10436,Yahiko,Lammel,"Human Resources"
10437,Narain,Reeker,"Quality Management"
10438,Evgueni,Srimani,Production
10439,Jolita,Jarecki,Development
10440,Akeel,Narahara,Development
10440,Akeel,Narahara,Research
10441,Adel,Perfilyeva,Production
10442,Volkmar,Unno,Sales
10443,Shichao,Litvinov,Development
10444,Kazuhira,Rosis,Sales
10445,Junichi,Kavanagh,Development
10446,Ebru,Chepyzhov,Development
10447,Ronghao,Yavatkar,"Quality Management"
10448,Phule,Oxenboll,Sales
10449,Aleksandar,Sudkamp,Marketing
10449,Aleksandar,Sudkamp,Sales
10450,Khun,Harbusch,Development
10451,Bodh,Ranta,Production
10452,Werner,Hasham,Development
10453,Tsvetan,Matzel,"Customer Service"
10454,Wonhee,Badr,Sales
10455,Sverrir,Streng,Sales
10456,Stepehn,Hardjono,Finance
10457,Oddvar,Schlenzig,"Quality Management"
10458,Gina,Engelmann,Sales
10459,Ennio,Trogemann,Finance
10459,Ennio,Trogemann,"Human Resources"
10460,Shushma,VanScheik,Development
10461,Gal,Karcich,Sales
10462,Sumali,Schlenzig,Production
10463,Ung,Zaiane,Sales
10464,Mang,Maginnis,"Human Resources"
10465,Claudi,Shackel,"Customer Service"
10466,Jiakeng,Himler,"Customer Service"
10467,Dipayan,Suomi,"Human Resources"
10468,Yoshimitsu,Shobatake,Sales
10469,Munehiko,Ananiadou,Development
10469,Munehiko,Ananiadou,Research
10470,Peternela,Iwayama,Production
10471,Jouko,Yamaashi,"Quality Management"
10472,Salvador,Lodder,Sales
10473,Przemyslawa,Oskamp,Production
10474,Kenton,Garnham,Production
10475,Mario,Rodite,Production
10476,Kokou,Iisaka,Research
10477,Guoxiang,Trogemann,Development
10478,Maik,Ushiama,Development
10478,Maik,Ushiama,"Customer Service"
10479,Duro,Coney,Production
10480,Make,Baba,Finance
10481,Yongmao,Pintelas,Production
10482,Goa,Pleszkun,Development
10483,Zhiwei,Anick,"Quality Management"
10484,Nirmal,Varley,"Human Resources"
10485,Teruyuki,Sundgren,Development
10486,Amstein,Kossowski,"Quality Management"
10487,Perla,Middleton,Production
10488,Mihalis,Heering,Development
10488,Mihalis,Heering,Research
10489,Elvia,Homond,Development
10490,Huiqun,Vuskovic,Sales
10491,Garnik,Narahari,Marketing
10492,Lobel,Kumaresan,Development
10493,Maris,Haraldson,Sales
10494,Yakkov,Servieres,Production
10495,Anyuan,Zhiwei,Production
10496,Gretta,Baig,Finance
10497,Pramod,Rabehasaina,Production
10498,Valter,Cappelletti,Production
10499,Maik,Luft,Marketing
10499,Maik,Luft,Sales
10500,Vojin,Narwekar,Development
10501,Susuma,Larfeldt,Development
10502,Yonghoan,Marshall,"Quality Management"
10503,Dannz,Pell,Production
10504,Xiong,Varker,Sales
10505,Isamu,Auria,Sales
10506,Kazuhisa,Kroll,Development
10507,Kasidit,Belinskaya,"Human Resources"
10508,Kotesh,Liedekerke,Production
10509,Abdelwaheb,Riesenhuber,Sales
10510,Keung,Slobodova,Sales
10510,Keung,Slobodova,"Customer Service"
10511,Khoa,Marrevee,Production
10512,Udi,Gihr,"Human Resources"
10513,Yuichiro,Schicker,Finance
10514,Tomofumi,McClure,Research
10515,Raimond,Kirkerud,Sales
10516,Xiadong,Luga,Development
10517,Tiina,Speek,Sales
10518,Marin,Lanphier,Development
10519,Yonghoan,Alencar,Development
10519,Yonghoan,Alencar,Research
10520,Jenwei,Ecklund,Production
10521,Kwangsub,Setia,Sales
10522,Marke,Cesareni,"Human Resources"
10523,Malu,Skafidas,Production
10524,Shigehiro,Cincotta,Production
10525,Yuchang,Lunt,Sales
10526,Kwangho,Theuretzbacher,Production
10527,Tetsushi,Barvinok,Development
10528,Koichi,Lakshmanan,Development
10529,Ymte,Yetto,Production
10529,Ymte,Yetto,Development
10530,Boriana,Coors,Development
10531,Oguz,Gimbel,"Human Resources"
10532,Mary,Wossner,Sales
10533,Mohamadou,Smailagic,Sales
10534,Dinah,Bahl,Research
10535,Shalesh,Stroustrup,"Customer Service"
10536,Yechiam,Sambasivam,Sales
10537,Stella,Benzmuller,Sales
10538,Przemyslawa,Falby,Production
10538,Przemyslawa,Falby,Development
10539,Yucel,Reinhard,Sales
10540,Martins,Barriga,Production
10541,Godehard,Eiter,Sales
10542,Yannis,Couchot,Development
10543,Lein,Lichtman,Finance
10544,Ishfaq,Krzyzanowski,Research
10545,Hauke,dAstous,Production
10546,Nechama,Schapiro,Research
10547,Snehasis,Brobst,Development
10548,Ramalingam,Gunderson,Marketing
10548,Ramalingam,Gunderson,Sales
10549,Beshir,Kisuki,Development
10550,Manton,Leuchs,"Quality Management"
10551,Jeong,Rijsenbrij,"Quality Management"
10552,Kazuhito,Shiratori,Production
10553,Rajmohan,Wallrath,Development
10554,Dines,Gerlach,Development
10555,Vitaly,Picci,Sales
10556,JoAnna,Taubman,Finance
10557,Sashi,Karlin,Development
10557,Sashi,Karlin,Research
10558,Hisao,Famili,Production
10559,Arumugam,Comellas,Sales
10560,Yinlin,Esteva,Development
10561,Serge,Joslin,Sales
10562,Shuky,Pearson,Development
10563,Mohit,Spelt,Development
10564,Jianhao,Thisen,Production
10565,Yishay,Harnett,Production
10566,Jianhui,Zuberek,Development
10567,Dietrich,Journel,Marketing
10567,Dietrich,Journel,Sales
10568,Gao,Poulakidas,Sales
10569,Sreenivas,Bashian,Research
10570,Alassane,Morrin,Sales
10571,Fun,Varman,Development
10572,Cordelia,Axelband,Production
10573,Tetsushi,Speel,Sales
10574,Salvador,Olano,"Human Resources"
10575,Theirry,Yeung,Production
10576,Xiaoqiu,Krychniak,Finance
10577,Ennio,Schmiedel,Production
10577,Ennio,Schmiedel,Research
10578,Shigeaki,Shanbhogue,Development
10579,Aiman,Stentiford,Development
10580,Christoper,Rehfuss,"Customer Service"
10581,Odinaldo,Prochazka,Production
10582,Shmuel,Juneja,Development
10583,Prasadram,Stille,Production
10584,Mana,Papastamatiou,Development
10585,Sajjad,Willoner,Development
10585,Sajjad,Willoner,Research
10586,Kirk,Vuskovic,Production
10587,Behnaam,Srimani,Development
10588,Shigeo,Dulay,Production
10589,Subbu,Sanella,Finance
10590,Yongqiao,Kalloufi,Research
10591,Hidde,Hettesheimer,Marketing
10592,Almudena,Alvarado,Sales
10593,Falguni,Kenevan,Production
10593,Falguni,Kenevan,Development
10594,Kiyokazu,Whitcomb,Development
10595,Giri,Undy,Production
10596,Sanjit,Coors,Sales
10597,Lucien,Schaad,Sales
10598,Margo,Gronowski,Production
10599,Seshu,Crelier,Development
10600,Emran,Rettelbach,Sales
10601,Barton,Usdin,"Customer Service"
10602,Douadi,Wossner,Marketing
10603,Wayne,Restivo,Sales
10604,Susanna,Brizzi,Production
10604,Susanna,Brizzi,Development
10605,Moti,Wixon,"Quality Management"
10606,Toshiki,Marakhovsky,Development
10607,Rosalyn,Hambrick,Development
10608,Adhemar,Talmor,Production
10609,Janche,Zhang,Development
10610,Irena,Roccetti,Development
10611,Karsten,Blokdijk,Development
10612,Gil,Peroz,Production
10613,Inderjeet,Jansen,"Human Resources"
10614,Gila,Ozeri,Production
10614,Gila,Ozeri,"Customer Service"
10615,Keung,Delgrande,Finance
10616,Tommaso,Marwedel,Sales
10617,Hidekazu,Angel,"Customer Service"
10618,Ranga,Yeung,Production
10619,Vivian,Kusakabe,Sales
10620,Marit,Veeraraghavan,Development
10621,Hinrich,Siepmann,Development
10622,Turgut,Narlikar,Production
10623,Aleksander,Danlos,Development
10623,Aleksander,Danlos,Research
10624,Sham,Gyorkos,Production
10625,Leszek,Petereit,Development
10626,Danil,Deverell,"Human Resources"
10627,Shigeu,Itzfeldt,"Human Resources"
10628,Krisda,Krogh,Development
10629,Lalit,Francisci,Sales
10630,Bezalel,Katzenelson,Production
10631,Inderjeet,Chaudhuri,Development
10632,Yoshimitsu,Velardi,Development
10633,Sorina,Herber,Sales
10634,Nahid,Chepyzhov,Development
10634,Nahid,Chepyzhov,Research
10635,Toney,Angiulli,Production
10636,Saeko,Porotnikoff,"Human Resources"
10637,Heejo,Frolund,Sales
10638,Jenwei,Borovoy,Sales
10639,Pramod,Erol,Development
10640,Anneke,Meszaros,Sales
10641,Guozhong,Zucker,Development
10642,Hirochika,Narlikar,Development
10643,Slavian,Keirsey,Development
10644,Pranas,Benaini,Finance
10644,Pranas,Benaini,Sales
10645,Fumiyo,Esposito,Production
10646,Uri,Chorvat,"Customer Service"
10647,Tesuro,Bahk,Production
10648,Marlo,Ratnaker,Development
10649,Vitali,Welham,"Customer Service"
10650,Hongzhu,Chepyzhov,Development
10651,Zijian,Maginnis,Research
10652,Danai,Chachaty,Research
10653,Otmar,Feinberg,Development
10654,Nahla,Castellani,Production
10655,Remko,Dalton,Finance
10655,Remko,Dalton,Sales
10656,Sanjay,Litzkow,Production
10657,Juichirou,Kitsuregawa,Finance
10658,Junsik,Rijckaert,Marketing
10659,Dinah,Shackel,Development
10660,Jouko,Kolinko,Development
10661,Ottavia,Giarratana,Marketing
10662,Arto,Serra,Production
10663,Teunis,Noriega,Production
10663,Teunis,Noriega,Development
10664,Xumin,Peck,Production
10665,Qingxiang,Snyers,Development
10666,Zhonghua,Reeker,Finance
10667,Makato,Cusworth,"Customer Service"
10668,Maren,Granlund,Finance
10669,Yurij,Iisaka,"Customer Service"
10670,Shunichi,McAffer,Sales
10671,Parviz,Rebaine,"Human Resources"
10672,Bluma,Zeilberger,Production
10673,Hyuckchul,Casperson,Development
10673,Hyuckchul,Casperson,Research
10674,Abdelaziz,Bisiani,Development
10675,Ymte,Waschkowski,Finance
10676,Valeri,Danley,Development
10677,Alejandra,Perng,Development
10678,Chriss,Gide,Development
10679,Neven,Brender,"Human Resources"
10680,Kish,Honglei,Development
10681,Florina,Garnier,Marketing
10681,Florina,Garnier,Sales
10682,Bedir,Haumacher,"Customer Service"
10683,Guiseppe,Stranks,Production
10684,Aimee,Tokunaga,Production
10685,Zongyan,Cusworth,Finance
10686,Avishai,Azadmanesh,Development
10687,Leon,Kaiser,Research
10688,Xiaopeng,Lanphier,Finance
10689,Satoru,Otillio,"Human Resources"
10690,Matt,Jumpertz,Production
10690,Matt,Jumpertz,Development
10691,Denny,Setia,Development
10692,Larisa,Bage,Sales
10693,Berhard,Daescu,"Customer Service"
10694,Rildo,Straney,Marketing
10695,Zorica,Acton,Production
10696,Unal,Fendler,Development
10697,Bluma,Hiltgen,"Customer Service"
10698,Barton,Engberts,Development
10699,Hatim,Deverell,"Quality Management"
10700,Angel,Mondadori,Development
10701,Hyuncheol,Zolotykh,Sales
10701,Hyuncheol,Zolotykh,"Customer Service"
10702,Bader,Szemeredi,Development
10703,Giri,Baumann,Production
10704,Yolla,Kropatsch,Research
10705,Hironobu,Wynblatt,Sales
10706,Gonzalo,Eldridge,Production
10707,Moty,Trystram,Development
10708,Aral,Erman,Research
10709,Jiafu,Mateescu,Development
10709,Jiafu,Mateescu,Research
10710,Sorina,Kermarrec,Sales
10711,Arvind,DuBourdieux,Development
10712,Uma,Koprowski,Development
10713,Jagoda,Naumovich,Research
10714,Aran,Sadowsky,Development
10715,Goa,Poehlman,Production
10716,Aiman,Constantine,Development
10717,Serap,Tasistro,"Human Resources"
10718,Adib,Rullman,Development
10719,Guenter,Karunanithi,Development
10720,Odinaldo,Kruskal,Production
10720,Odinaldo,Kruskal,Research
10721,Bernd,Redmiles,"Customer Service"
10722,Dung,Gornas,Marketing
10723,Eckart,Harnett,Production
10724,Aluzio,Narlikar,Production
10725,Garnet,Isard,Sales
10726,Zita,Minakawa,Development
10727,Saeed,Kitai,Finance
10728,Ugo,Maliniak,"Quality Management"
10729,Percy,Lorho,Production
10730,Mohit,Janetzko,Production
10730,Mohit,Janetzko,Development
10731,Fumitaka,Peak,Finance
10732,Morris,Andreotta,Production
10733,Sangeeta,Rodham,"Customer Service"
10734,Sachar,Erdi,Production
10735,Morrie,Gewali,"Customer Service"
10736,Gurbir,Hellwagner,"Quality Management"
10737,Vincent,Schwartzbauer,Production
10738,Rosita,Oppitz,Development
10738,Rosita,Oppitz,Research
10739,Gor,Iacovou,Development
10740,Suzette,Sadowski,Development
10741,Sven,Huttel,Marketing
10742,Shim,Wiegley,Development
10743,Kiyomitsu,Peltason,Finance
10744,Yaghout,Syang,Sales
10745,Poorav,Ranze,Production
10746,Kolar,Usery,Development
10747,Falguni,Khalid,Production
10748,Yuchang,Francisci,Finance
10748,Yuchang,Francisci,"Human Resources"
10749,King,Brendel,Production
10750,Roddy,Demeyer,Development
10751,Jordanka,Ushiama,Development
10752,Byong,Conde,"Quality Management"
10753,Pradeep,Harbusch,Production
10754,Chenyi,Feinberg,Sales
10755,Odysseas,Ressouche,Development
10756,Paddy,Brizzi,Production
10756,Paddy,Brizzi,Development
10757,Florina,Simkin,Development
10758,Fumiyo,Boyle,Production
10759,JiYoung,Chenney,Production
10760,Phillip,Dratva,Finance
10761,Sumali,Liedekerke,Finance
10762,Lech,Himler,Research
10763,Giap,Bolsens,Production
10764,Yunming,Beetstra,Development
10765,Goetz,Norsworthy,Marketing
10765,Goetz,Norsworthy,Sales
10766,Nathalie,Standera,"Human Resources"
10767,Monique,Doering,Sales
10768,Ishfaq,Candan,Production
10769,Vishv,Bouloucos,Development
10770,Bedir,Perry,Sales
10771,Guiseppe,Kleiser,"Customer Service"
10772,Munehiro,Dayana,Development
10773,Avishai,Bahr,"Customer Service"
10774,Jacqueline,Masand,Production
10775,Xiaoheng,Sluis,Production
10775,Xiaoheng,Sluis,"Customer Service"
10776,Mahmut,Skafidas,Development
10777,Mizuhito,Kemmerer,Production
10778,Selwyn,Merey,Marketing
10779,Mori,Yavatkar,"Customer Service"
10780,Goncalo,Staudhammer,Production
10781,Patricio,Leuchs,"Customer Service"
10782,Kish,Perna,Research
10783,Moty,Kenevan,"Human Resources"
10784,Weijing,Bottner,Development
10785,Keiichiro,Marzano,"Quality Management"
10786,Patricia,dAstous,Production
10786,Patricia,dAstous,"Quality Management"
10787,Shiv,Neimat,Marketing
10788,Frazer,Ullian,Sales
10789,Aruna,Journel,"Customer Service"
10790,Yurij,Schonegge,Production
10791,Tadahiko,Sgarro,Development
10792,Chinya,Birdsall,Development
10793,Oksana,Roisin,Development
10794,Teunis,Berztiss,Research
10795,Supot,Naudin,Sales
10796,Khoa,Rousseau,"Quality Management"
10797,Goetz,Hiyoshi,Production
10797,Goetz,Hiyoshi,Development
10798,Elliott,Bednarek,Production
10799,Gad,Griswold,Development
10800,Yuchang,Matzke,Production
10801,Uinam,Zschoche,Production
10802,Masato,Setlzner,Production
10803,Katsuyuki,Velasco,"Quality Management"
10804,Terresa,Benantar,Sales
10805,Kerhong,Bernick,Research
10806,Giap,Matzel,Finance
10806,Giap,Matzel,"Human Resources"
10807,Munehiro,Zallocco,Sales
10808,Chenxi,Leijenhorst,Development
10809,Shim,Feldhoffer,Development
10810,Lijie,Lunn,Sales
10811,Ashish,Fortenbacher,Production
10812,Berthier,Menhoudj,Production
10813,Shalesh,Shumilov,Sales
10814,Nidapan,Dymetman,Sales
10815,Renny,Pramanik,"Human Resources"
10816,Morris,Caine,"Customer Service"
10817,Uri,Rullman,Sales
10817,Uri,Rullman,"Customer Service"
10818,Huan,Monarch,"Human Resources"
10819,Pascal,Sooriamurthi,Production
10820,Baocai,Pena,Marketing
10821,Irena,Schurmann,Development
10822,Masaru,Passino,Development
10823,Arfst,Mikschl,"Human Resources"
10824,Kirk,Kalsbeek,Marketing
10825,Fan,Fairtlough,Production
10825,Fan,Fairtlough,Development
10826,Arnd,Anandan,Development
10827,Willard,Danley,Finance
10828,Godehard,Gammage,Sales
10829,Alper,Narahara,"Human Resources"
10830,Fen,Fiebach,Marketing
10831,Toong,Driscoll,Development
10832,Hidde,Bergere,Sales
10833,Krisda,Gecseg,"Quality Management"
10834,Huiqun,Rajcani,Production
10835,Tomoyuki,Kermarrec,Production
10836,Jianhua,Leivant,Sales
10836,Jianhua,Leivant,"Customer Service"
10837,Chuanti,Karlin,Sales
10838,Deniz,Ramras,"Quality Management"
10839,Gurbir,Katiyar,Production
10840,Mohammad,Koshino,Production
10841,Pranav,Lieberherr,"Customer Service"
10842,Berni,Sanella,Development
10843,Honesty,Smeets,Development
10844,Dipayan,Koprowski,Development
10845,Hidde,Tasistro,Development
10846,Tokuyasu,Serre,Development
10846,Tokuyasu,Serre,Research
10847,Theirry,Danley,Research
10848,Fen,Bratsberg,Production
10849,Makato,Mayerwieser,Development
10850,Florina,Schapire,Finance
10851,Piyawadee,Copas,Research
10852,Hercules,Munck,Production
10853,Yoshinari,Kalloufi,"Quality Management"
10854,Jagoda,Nannarelli,Development
10855,Kwangho,Reinhart,Finance
10855,Kwangho,Reinhart,Sales
10856,Sreenivas,Peck,"Customer Service"
10857,Fusako,Stenning,Sales
10858,Kenroku,Gonthier,Development
10859,King,Bernini,Marketing
10860,Gino,Werthner,"Quality Management"
10861,Howell,Baek,Development
10862,Zhenbing,Kadhim,Sales
10863,Byong,Bhattacharjee,Production
10864,Elliott,Spieker,Sales
10865,Danco,Etalle,Sales
10865,Danco,Etalle,"Customer Service"
10866,Fayez,Yeung,Finance
10867,Billur,Gyorkos,Production
10868,Houman,Unno,Production
10869,Guangming,Jonsson,"Customer Service"
10870,Shahid,Leppanen,Production
10871,Aram,Gilg,"Customer Service"
10872,Karoline,Speel,Finance
10873,Sukumar,Wegerle,Finance
10874,Mahmut,Borstler,Production
10874,Mahmut,Borstler,"Quality Management"
10875,Filipp,Suri,"Quality Management"
10876,Vincent,Papastamatiou,Sales
10877,Subir,Biron,Marketing
10878,Lakshmi,Deville,Sales
10879,Muzhong,Chleq,Development
10880,Weiye,Nitsche,Production
10881,Katsuo,Miake,Production
10882,Fun,Heuser,Development
10883,Shimshon,Champarnaud,Production
10884,Teunis,Kleiser,Development
10885,Rayond,Cronau,Marketing
10885,Rayond,Cronau,Sales
10886,Sushant,Begiun,Development
10887,Lunjin,DeMori,Development
10888,Kwangho,Dredge,Development
10889,Cheong,Coors,Sales
10890,Ramzi,Furudate,Sales
10891,Susanne,Jiang,Development
10892,Kazunori,Vieth,"Human Resources"
10893,Danil,Kropatsch,Marketing
10894,Suebskul,Srimani,Production
10895,Vishwani,Petersohn,Sales
10895,Vishwani,Petersohn,"Customer Service"
10896,Adil,Taubenfeld,Production
10897,Arno,Kumaresan,Sales
10898,Munenori,Markovitch,Production
10899,Valery,Rousseau,Marketing
10900,Ferdinand,Prenel,Development
10901,Chrisa,Narahara,Finance
10902,Inderjeet,Perly,Development
10903,Visit,Nyanchama,"Customer Service"
10904,Debatosh,Colorni,Development
10905,Jianhui,Aloia,Production
10906,Munehiro,Carrere,Finance
10906,Munehiro,Carrere,Sales
