"Employee Number","First Name","Last Name",Sex
100004,Avishai,Nitsch,M
100006,Janalee,Himler,F
10001,Georgi,Facello,M
100017,Saeko,Radwan,F
100023,Boutros,Emiris,M
100024,Godehard,Pelz,F
10003,Parto,Bamford,M
100038,Srinidhi,Krohn,F
10004,Chirstian,Koblick,M
100046,Jayson,Jumpertz,F
100049,Mansur,Quittner,F
100065,Uma,Klerer,F
100074,Yechiam,Velardi,F
100098,Shem,Escriba,F
100109,Aleksandar,Gargeya,F
100111,Mayuri,Kornyak,F
100115,Siddarth,Servieres,F
100118,Sajjad,Goldhammer,M
100137,Seongbae,Bail,F
100146,Nalini,Woycyznski,F
100148,Tokuyasu,Angelov,M
100151,Martine,Vesel,M
100161,Christoper,Tsunoo,F
100172,Selwyn,Kranzdorf,M
100190,Lenore,Thebaut,F
100205,Nahid,Gustavson,F
100209,Sastry,Pehl,F
100211,Fayez,Yurek,F
100219,Howell,Schahn,M
100227,Chenye,Stanger,F
100255,Amabile,Sullins,F
100256,Shietung,Sevcikova,F
100266,Krassimir,Gill,M
100274,Fei,Miyakawa,F
100279,Mingdong,Gustavson,M
100280,Abdelkader,Welham,F
100292,Takanari,Zambonelli,M
100293,Mana,Lipner,F
100295,Huican,Schmiedel,M
100302,Hilary,Salverda,M
100303,Huei,Pargaonkar,F
100314,Saniya,Zobel,M
100326,Georgi,Crouzet,M
100339,Ashish,Benaini,M
100340,Moie,Yemenis,F
100341,Syozo,Kaiserswerth,F
100346,Zejun,Plumb,M
100347,Otmar,Gajiwala,M
100384,Richara,Yurek,F
100415,Gurbir,Petersohn,F
100421,Marie,Ratnakar,M
100436,Subhankar,Gini,F
100452,Guther,Lowrie,F
100453,Inderjeet,Harbusch,M
100465,Takahira,Potthoff,F
100471,Suzette,Stranks,M
100475,Aron,Piazza,F
100477,Danny,Sewelson,M
100487,Tran,Yeung,M
100493,Ger,Hashii,M
100502,Bernardo,Gladwell,F
100522,Barry,Wolniewicz,F
100523,Olivera,Shumilov,M
100528,Irene,Kushnir,F
10053,Sanjiv,Zschoche,F
100531,Toshiko,Kranzdorf,M
100534,Aamer,Luga,F
100549,Yefim,Speckmann,F
100561,Fun,Rosin,M
100562,Jiann,Setia,F
100569,Sreekrishna,Anandan,F
100574,Lucien,Bennet,F
100587,Alain,Hettesheimer,M
100603,Douadi,Emmart,M
100616,Janche,Zockler,F
100620,Yechezkel,Marsiglia,M
100645,Jaques,Peek,F
10066,Kwee,Schusler,M
100668,Basem,Melski,F
100673,Giri,Jiang,M
100682,Ingemar,Pepe,F
100689,Jaber,Schueller,F
100695,DAIDA,Kropf,F
100708,Yaghout,Pauthner,M
100711,Kwangyoen,Rosca,M
100725,Zvonko,Maliniak,M
100729,Kwan,Hardjono,M
100741,Serif,Ginesta,M
100742,Apostol,Lieberherr,M
100748,Uriel,Marakhovsky,F
100749,Georgi,Nergos,F
100753,Zsolt,Baca,F
100761,Beshir,Sevcikova,F
100770,Harngdar,Hertweck,F
100775,Fumitake,Bierman,M
100788,Fumiyo,Gien,M
10079,Kshitij,Gils,F
100802,Yahiko,Passafiume,M
100804,Kish,Tomescu,F
10081,Zhongwei,Rosen,M
100812,Saniya,Lanphier,F
100815,Kokou,Harllee,F
100817,Elrique,Cromarty,M
100820,JoAnna,Atrawala,M
100827,Fumiya,Beznosov,M
100831,Dhritiman,Vandervoorde,M
100835,Masako,Guenter,M
100837,Anneke,Munke,M
100839,Rasikan,Plotkin,M
100846,Mark,Kalloufi,F
10087,Xinglin,Eugenio,F
100871,Froduald,Tramer,F
100880,Chikara,Thibadeau,M
100882,Hugh,Silva,F
100884,Adamantios,Rousseau,M
100887,Adib,Stassinopoulos,F
10089,Sudharsan,Flasterstein,F
100894,Aimee,Maierhofer,M
10090,Kendra,Hofting,M
100903,Hirochika,Hegner,F
100913,Abdelghani,Azulay,M
100926,Hongzue,Kavraki,M
100927,Troy,Lovengreen,M
100931,Sandeepan,Hanabata,M
100932,Shai,Kawashima,F
100933,Uli,Taneja,F
10095,Hilari,Morton,M
100959,Jiong,Cochrane,M
100998,Breannda,Portugali,M
101000,Vishv,Marrevee,F
101003,Pranas,Kusakabe,F
101015,Spyrose,Rahier,F
101018,Shigeu,Serra,M
101020,Duri,Gulak,M
10103,Akemi,Birch,M
101030,Khun,Milicic,M
101036,Stamatina,Lammel,F
101055,Jayesh,Krybus,M
101069,Kwangsub,Marchesini,M
10108,Lunjin,Giveon,M
101084,Jacqueline,Ramalingam,M
101086,Fumino,Breugel,F
101090,Aamer,Tchuente,M
101098,Maya,Norsworthy,M
10110,Xuejia,Ullian,F
101100,Ziya,Buchter,M
101106,Oldrich,Narahari,M
101108,Unal,Zhang,M
101114,Jinpo,Leuchs,F
101125,Teiji,Eickenmeyer,M
101133,Val,Heuter,M
101134,Adas,Ligten,F
101136,Weiru,Pelz,F
101137,Wanqing,Tyugu,M
101147,Heon,Shackell,M
10115,Chikara,Rissland,M
101153,Manohar,Gill,M
101156,Fuqing,Baby,F
101157,Amstein,Hasenauer,M
10119,Domenick,Peltason,M
101210,Hidde,Takanami,F
101221,Phule,Saoudi,M
101226,Aral,Litzkow,M
101240,Oldrich,Perin,M
101242,Sanjoy,Undy,M
101244,Freyja,Cools,M
101256,Jinpo,Walstra,M
101269,Subir,Suessmith,F
101305,Denis,Maginnis,M
101321,Arvind,Beetstra,M
101329,Gilbert,Millington,F
101331,Tsz,Hagimont,M
101338,Nobuyoshi,Legleitner,F
101354,Naftaly,Mapelli,F
10136,Zissis,Pintelas,M
101360,Surveyors,Papsdorf,F
101364,Turgut,Poehlman,F
101374,Kenroku,Hoppenstand,M
10138,Perry,Shimshoni,M
101385,Maia,Vickson,F
101393,Mountaz,Lukaszewicz,F
101396,Guther,Pellegrinelli,M
101408,Toong,Melton,M
101420,Christophe,Meriste,M
101421,Fay,Marciano,M
101425,Lalit,Speel,F
101431,Barry,Cherinka,F
101438,Masali,Fasbender,M
101451,Nalini,Matzen,M
101453,Nectarios,Staylopatis,M
101454,Tooru,Gladwell,M
101462,Uwe,Plessier,F
101463,Cheong,Tibblin,M
101468,Guadalupe,Auria,M
10147,Kazuhito,Encarnacion,M
101470,Toshiki,Champarnaud,M
101475,Hidde,Gadepally,M
101477,Kenroku,Piazza,M
10149,Xiadong,Perry,F
10150,Zhenbing,Perng,F
101505,Dietrich,Gornas,F
101517,Hsiangchu,Laventhal,M
10152,Jaques,Munro,F
101521,Debatosh,Soloway,M
101522,Angus,Fandrianto,M
101530,Sushant,Debuse,M
101540,Selwyn,Kitai,M
101544,Doowon,Setlzner,F
101545,Goa,Ranze,M
101549,Takahiro,Gruenwald,M
101559,Rasiah,Kisuki,F
101565,Arto,Shrader,M
101566,Yechezkel,Birrer,M
101567,Oguz,Vidya,M
10158,Khedija,Mitsuhashi,M
101588,Manu,Weedon,M
101595,Paraskevi,Krybus,F
101598,Dung,Weedon,M
101608,Girolamo,Mundy,M
101610,Olivera,Poulakidas,M
101646,Mandell,Feldhoffer,M
101678,Sashi,Debuse,M
10168,Dharmaraja,Stassinopoulos,M
101691,Shaowei,Sundgren,M
101692,Gad,Apsitis,M
10170,Kasturi,Jenevein,F
101701,Jordanka,Stentiford,M
101715,Tiina,Junet,M
101719,Nadjib,Wolniewicz,F
101720,Chaosheng,Ecklund,M
101723,Nevin,Khalil,M
101724,Mari,Bernardeschi,F
101728,Shietung,Solares,M
101749,Xiahua,McAlpine,M
101755,Zhongwei,Emden,F
101758,Aral,Sadowski,M
101764,Xuejun,Skafidas,F
101778,Aamer,Peha,F
10178,Valery,Litvinov,M
101780,Vitaly,Morrin,M
101786,Emdad,Cunliffe,M
101789,Spyrose,Perl,M
101795,Chinya,Trelles,F
10180,Shaw,Wendorf,M
101808,Atreye,Hedayat,M
101811,Chaoyi,Lenart,M
101820,Mayumi,Maccarone,M
101842,Ashish,Highland,M
10185,Duro,Sidhu,F
101858,Katsuyuki,Nourani,F
10186,Shigehito,Kropatsch,M
101863,Tuval,Hemaspaandra,M
101869,Zhanqiu,Siprelle,F
101897,Piyawadee,Junet,F
10190,Arve,Fairtlough,F
101905,Ortrun,Heuter,F
101907,Jianhao,England,M
101909,Mostafa,Underwood,F
10191,Zdislav,Nastansky,M
101914,Arve,Benaini,M
101915,Mayuri,Chenoweth,M
101917,Kiam,Koshiba,F
101920,Aiman,Trumbly,M
101923,Tesuro,Eugenio,F
101924,Kendra,Chinal,F
101926,Wilmer,Bernini,M
101934,Roselyn,Rosin,M
101944,Dekang,Wegerle,F
101949,Foong,Pettis,F
101970,Yuguang,Usdin,M
101994,Juyoung,Kaminger,M
101996,Cedric,Broomell,M
102002,Candido,Kroll,M
102006,Ymte,Angot,M
10201,Idoia,Kavraki,F
102030,Lijia,Wixon,M
102033,Zhiguo,Morrin,M
10204,Nevio,Ritcey,F
102042,Manohar,Vasanthakumar,M
102044,Yongmin,Veldwijk,M
102049,Tayeb,Gyorkos,F
102065,Xiaoqiu,Schlenzig,M
102087,Marek,Zyda,F
102089,Suzette,Nitsche,F
102097,Arunachalam,Perez,M
102098,Hatem,Speckmann,F
102105,Hironobu,Schwartzbauer,M
102115,Keiichiro,Kobara,F
102125,Dmitri,Verhoeff,M
102129,Gay,Cools,M
102130,Shaleah,Merro,M
102131,Gill,Aseltine,M
102142,Yoshimitsu,Nourani,F
102147,Kristen,Miyakawa,F
102153,Danel,Lukaszewicz,M
102167,Lenore,Syang,F
10217,Yongmin,Roison,F
102177,Steen,Raoux,F
102182,Tremaine,Dymetman,M
102195,Huei,Stentiford,M
102196,Shugo,Heinisuo,M
102211,Bangqing,Kitsuregawa,M
102215,Spyrose,Genther,M
10222,Tze,Nourani,M
102226,Mingzeng,Przulj,M
102239,Jaroslava,Seuren,M
102241,Udo,Tetzlaff,M
102242,Oksana,Lueh,M
10225,Kellie,Chinen,F
102257,Stella,Tsukune,M
102306,Shao,Lorin,F
102331,Ulises,Cheshire,F
102340,Takahira,Pargas,F
102353,Elrique,Veccia,M
102366,Chikako,Nilsson,F
102372,Maik,Jahnichen,M
102375,Izaskun,Krogh,M
102376,Hitofumi,Kalefeld,M
102377,Beshir,Liedekerke,F
10238,Mototsugu,Gire,F
102385,Mountaz,Sidou,F
102391,Vishv,Atrawala,F
102410,Boalin,Alpay,F
102441,Miquel,Cullers,M
102462,Munehiko,Gecsei,F
102465,IEEE,Chiola,M
102471,Fox,Stafford,M
102472,Peer,Hiltgen,M
102479,Serap,Facello,F
102491,Arnd,Lortz,F
102506,Sarita,Fendler,F
102508,Jianhua,Fetvedt,M
102510,Jayson,Perelgut,M
102514,Arne,Huttel,F
102517,Abdelkader,Brookman,F
102520,Tetsurou,Remmers,M
102522,Yucel,Ozery,M
102543,Yongdong,Panwar,M
102546,Khalid,Hammerschmidt,M
102560,Cullen,Rindone,M
102565,Jongsuk,Pell,M
102569,Jeanna,Goodrum,F
10257,Aiman,Riexinger,M
102583,Gritta,Pietracaprina,M
10259,Susanna,Vesel,M
102595,Goetz,Peltason,M
102600,Hsiangchu,Oppitz,M
102623,Nimmagadda,Litvinov,M
102627,Bedrich,Businaro,M
102632,Caolyn,Radwan,F
102638,Shaowen,Belinskaya,F
102643,Muneo,Caine,M
102649,Pranjal,Cochrane,F
102658,Xumin,Businaro,M
102659,Luisa,Zschoche,M
102677,Huei,Karcich,F
10268,Nishit,Siochi,M
102682,Oscar,Reutenauer,M
102685,Nathan,Ellozy,F
102689,Karlis,Merkl,M
10271,Sham,Eastman,M
102710,Divier,Szmurlo,M
102749,Anneli,Passafiume,M
102760,Narain,Talmon,F
102782,Marc,Jullig,F
10282,Hercules,Benzmuller,M
102842,Demos,Ashish,F
102847,Gro,Carrere,F
102862,Kwok,Neiman,M
102867,Atreyi,Tzvieli,M
102893,Troy,Bodoff,F
102895,Nevio,Strooper,F
102898,Jixiang,Wolniewicz,F
10291,Dipayan,Seghrouchni,M
102912,Teiji,Khalil,M
102917,Leni,Brattka,M
102920,Eckart,Sury,F
102926,Tokuyasu,Setia,M
102927,Hideo,Przulj,M
102938,Apostol,Schmezko,M
102945,Pranay,Lanzelotte,M
102952,Xianlong,Krybus,M
102955,Sumant,Murthy,M
10297,Narain,Oaver,F
103001,Luerbio,Murrill,F
103002,Mori,Klerer,F
103005,Rafael,Keustermans,M
10302,Faiza,Baer,F
103020,Qunsheng,Boreale,F
103023,Kolar,Lenart,M
103029,Alassane,Mapelli,M
103032,Dines,Demri,M
103042,Berthier,Masand,M
103052,Byong,Lanzelotte,M
103063,Hein,Baig,F
103074,Joydip,Cardazo,F
103077,Genevieve,Vendrig,F
103087,Ayakannu,Miculan,M
103088,Nitsan,Bresenham,M
103092,Mabry,Falby,M
103116,Shai,Shrader,F
10312,Rasiah,Deyuan,F
103125,Huican,Aamodt,M
103128,Alenka,Crabtree,M
103129,Jianhua,Munoz,M
103130,Kiyokazu,Sundgren,F
103132,Alois,Kugler,M
10314,Christfried,Apsitis,M
103162,Chenxi,Birsak,F
10317,Arie,Birge,M
103181,Sverrir,Fabrizio,M
103187,Toshimori,Gist,F
103189,Shrikanth,Grospietsch,M
103194,Mads,Vecchio,F
103197,Wojceich,Schach,F
103242,Leandro,Jiafu,M
103251,Danco,Broder,F
103288,Feipei,Prenel,F
10329,Remko,Shigei,F
103293,Shalesh,Polupanov,M
103296,Remzi,Siochi,F
103307,Kiyokazu,Cusworth,M
103326,Basil,Straney,F
103329,Frederique,Assaf,M
103330,Yuqun,Hardjono,F
103359,Boriana,Zultner,F
103361,Harngdar,Herber,M
103377,Heejo,Sigstam,M
103408,Moriyoshi,Marrevee,M
103410,Uwe,Swick,M
103419,Marjo,Pettit,F
103425,Chenxi,Lieberherr,F
103427,Licheng,Dalton,M
103435,Sverrir,Ghazalie,M
103447,Fumiko,Lenart,M
103453,Miquel,Ellozy,F
103459,Mohammad,Perly,M
103462,Elrique,Bojadziev,F
103469,Christoper,Kalafatis,F
103474,Alagu,Decleir,M
103489,Kenton,Lorin,M
103523,Visit,Servieres,M
103525,Mohammad,Itzigehl,M
103535,Chirstian,Nishimukai,M
103557,Chenxi,Remmers,M
103568,Peternela,Camarinopoulos,M
103569,Rayond,Rodier,M
103595,Zhensheng,Hutton,M
10361,Seshu,Sidou,F
103629,Deborah,Rabehasaina,M
103635,Dayanand,Ebeling,M
103644,Harjit,Erdi,M
103650,Nathalie,Tomescu,M
103659,Remco,Feldmann,M
103675,Jiakeng,Radhakrishnan,M
10369,Qunsheng,Toyoshima,M
103704,Akeel,Kleiser,F
103721,Ger,Cooke,M
103723,Noritoshi,Geffroy,M
103727,Toshimi,Katalagarianos,F
103728,Valeska,Pollock,F
103730,Quingbo,Roison,M
103733,Paraskevi,Ravishankar,M
103739,Weijing,Basawa,M
103759,Rance,Rajaraman,M
103782,Sigeru,Baez,F
103794,Wilmer,Kusalik,M
103798,Heng,Sooriamurthi,F
103801,Gift,Rosaz,M
103807,Pascal,Plesums,F
103821,Gurbir,Klyachko,F
103830,Elliott,Esteva,M
103836,Xiaobin,Velardi,M
103837,Qiwen,Fandrianto,M
103839,Moriyoshi,Lalonde,F
10384,Feiyu,Luft,M
103841,Gurbir,Compeau,F
103853,Sushant,Verhoeff,M
103860,Augustine,Mundy,M
103861,Prodip,Hiltgen,F
103870,Anneli,Desikan,M
103889,Weidon,Tanemo,F
103892,Ohad,Bouloucos,F
103901,Zito,Berendt,F
103929,Hitomi,Harllee,F
103931,Xinglin,Munro,F
103943,Amabile,Georg,F
103944,Domenick,Dehkordi,M
103949,Babette,Gonthier,F
103957,Shietung,Tagansky,M
10396,Sibyl,Rahier,M
103965,Sverrir,Baba,F
103973,Claudi,Wolniewicz,M
103985,Jouni,Itschner,M
103995,Thodoros,Luks,M
104007,Subhash,Welham,F
104013,Kazuhira,Legleitner,M
104014,Honglan,Krohn,M
104018,Basim,Mitzlaff,F
104019,Fumiko,Rissanen,M
104021,Yonghoan,Mondadori,M
104038,Kwun,Fujisaki,M
104076,Sasan,Ozeki,M
104077,Persi,Soicher,M
104083,Basil,Matteis,F
104092,Abdelaziz,Vitiello,M
104093,Cristinel,Streng,M
104096,Uta,Ginneken,M
104097,JoAnne,Syang,F
104103,Menkae,Eugenio,M
104113,Pramod,Botman,F
10412,Masoud,Fabrizio,F
104122,Georg,Schreiter,M
104129,Soenke,Marchesini,M
104135,Yaghout,Servi,M
104139,Tze,Danecki,M
104152,Fumitaka,Kuszyk,M
104161,Kiyomitsu,Duclos,F
104163,Yishay,Ambroszkiewicz,M
104174,Ramzi,Shiratori,F
104177,Prasadram,Seiwald,M
104181,Pramod,Coney,M
104184,Roselyn,Ventosa,M
104191,Bodh,Claffy,M
104201,Sailaja,Encarnacion,F
104202,Boriana,Tasistro,M
104203,Shigenori,Gyorkos,F
104208,Baruch,Nastansky,M
104212,Bedrich,Driscoll,M
104222,Gretta,Wursthorn,F
104223,Mantis,Waymire,M
104233,Cordelia,Kolvik,F
104249,Gay,Ellozy,M
104261,Mabhin,Demeyer,M
10429,Martien,Improta,F
104290,Takushi,Schneeberger,M
104305,Surveyors,Schapiro,M
104313,Makato,Thisen,M
104314,Bingning,Luff,M
104332,Dietrich,Rahimi,M
104336,Shigeu,Lagarias,M
104344,Danco,Sgarro,F
104346,Dietrich,Rebaine,M
104348,Sariel,Huttel,M
10435,Marsha,Tagansky,M
104365,Jouko,Rattan,F
104377,Ottavia,Uludag,M
104379,Kellyn,Molenaar,M
104397,Dayanand,Blokdijk,M
104409,Gretta,Czap,M
104417,Vishv,Yeung,M
104420,Claudi,Perri,M
104436,Licheng,Gihr,M
104447,Jahangir,Nitsche,F
104453,Denny,Sankaranarayanan,M
104467,Anoosh,Panwar,M
104471,Premsyl,Karner,M
104478,Shrikanth,Goodrum,M
104491,Yechezkel,Suri,M
104503,Poornachandra,Kalefeld,M
104504,Waiman,Kilgore,F
104505,Maren,Parascandalo,F
104509,Kwangyoen,Lagarias,M
104512,Vasilis,Schiper,F
104513,Eric,Rahier,M
104517,Kazuhide,Demri,F
104520,Vishv,Neimat,F
104523,Leandro,Gyimothy,M
104531,Lokesh,Lambe,M
104544,Monique,Murrill,M
104546,Rayond,Rodiger,M
104557,Turgut,Kushnir,M
104577,Kellyn,Ibel,M
104580,Karoline,Spieker,M
104581,TRUE,Kusalik,M
104585,Hatim,Colorni,M
104586,Geoffrey,Furedi,F
104591,Rasikan,Lanteri,M
104602,Tiina,Morrow,M
104610,Fusako,Peak,M
104612,Otilia,Selenyi,F
104621,Vivian,Holburn,M
104623,Giap,Kuzuoka,F
104626,Patricio,Zaiane,M
104630,Sanjiv,Lagarias,M
104638,Seongbae,Matzel,F
104642,Maren,Lichtner,M
104650,Yagil,Peternell,F
104656,Margo,Walston,M
104666,Ibibia,Krupka,F
104670,Tzvetan,Cappelletti,M
104684,Magdalena,Krider,F
104696,Lansing,Aseltine,F
104701,Nahum,Lunt,F
104710,Munenori,Trogemann,M
104729,Jaideep,Kusalik,F
104734,Shahid,Oppitz,M
104735,Dipayan,Tanemo,M
104745,Hongzhu,Lichtner,F
104748,Xianlong,Bennet,F
104750,Radhia,Pietracaprina,M
104755,Tetsurou,Zschoche,M
104764,Juichirou,Munke,M
104772,Yannik,VanScheik,M
104779,Sergi,Hartvigsen,F
104788,Mabo,Serov,M
104790,Makato,Dymetman,F
104805,Shuky,Figueira,M
104808,Fox,Schieder,F
104820,Sangeeta,Gien,M
104823,Alenka,Naumovich,M
104832,Tsuneo,Hennebert,M
104841,Kiyokazu,Mitsuhashi,M
104851,Val,Kropatsch,F
104852,Theirry,Munawer,M
104855,Shiv,Chorvat,F
104874,Adam,Wrigley,F
104877,Arif,DasSarma,F
104886,Mariusz,Wallrath,M
104894,Phule,Schaft,M
104905,Eckart,Wilfing,M
104907,Anyuan,Renear,F
104911,Sanjai,Kruskal,F
104937,Aram,Uchoa,M
10494,Yakkov,Servieres,F
104941,Yonghong,Schaap,M
104952,Moriyoshi,Hopewell,M
104972,Maya,Trachtenberg,M
104975,Utpal,Waeselynck,M
105002,Jingling,Millington,M
105011,Janche,Puppe,M
105033,Takahira,Quadeer,M
105042,Guoxiang,Bellmore,M
105060,Manu,Rosin,M
105065,Tetsushi,Kampfer,M
105080,Nidapan,Hoppenstand,M
105089,Ishfaq,Wrigley,M
105111,Nigel,Birch,M
105115,Constantijn,Danlos,F
10512,Udi,Gihr,M
105126,Hyuckchul,Versino,F
105131,Sandeepan,Sidou,M
105137,Alain,Oppitz,F
105138,Siddarth,Peroz,F
105144,Yechezkel,Eterovic,M
105150,Hongzhu,Cronin,M
105164,Khalil,Peltason,F
105165,Mads,Jansch,F
105166,Boutros,Engberts,F
10519,Yonghoan,Alencar,F
105191,Jaber,Kleiser,M
105196,Shuichi,Jakobus,F
105197,Trygve,Birdsall,M
105203,Ronghao,Tischendorf,M
105205,Nahum,Gronowski,F
10522,Marke,Cesareni,F
105237,Sven,Wolniewicz,M
105243,Arvind,Gornas,F
105258,Waiman,Wilfing,M
105281,Jolita,Strooper,F
105284,Basant,Khalil,M
105287,Nahla,Oaver,M
105289,Pranav,Doering,M
105296,Conor,Peha,M
105300,Giap,Reinhard,M
105304,Nikolaus,Steinauer,F
105313,Richara,McFarlin,F
105315,Garnik,Dengi,F
105319,Tru,Rebaine,M
10532,Mary,Wossner,F
105329,Shakhar,Speer,M
10533,Mohamadou,Smailagic,F
105343,Anestis,Bresenham,M
105346,Pradeep,Gluchowski,F
105349,Dinkar,Chinin,F
105359,Jayesh,Badr,F
105362,Yuchang,Thummel,F
105365,Iara,Backhouse,F
105373,Kristina,Strandh,F
105385,Maris,Harnett,M
105393,Uli,Nooteboom,F
105401,Babette,Anguita,M
10541,Godehard,Eiter,M
105419,Marjo,Limongiello,F
105438,Ranan,Jullig,M
105443,Fuqing,Xiaoshan,F
105444,Oddvar,Pillow,M
105447,Tomokazu,Stanger,M
105449,Renny,Eastman,F
105467,Olivera,Uhrik,M
105471,Akeno,Schapiro,M
105475,Mariangiola,Impagliazzo,F
10548,Ramalingam,Gunderson,M
105489,Jasminko,Sadowski,M
105495,Shuji,Theuretzbacher,M
105501,Murthy,Luca,M
105502,Shaz,Selvestrel,M
105506,Marsal,Pollacia,F
105507,Shooichi,Marzano,F
105522,IEEE,Petereit,M
105533,Zijian,Falby,M
105535,Valeska,Pettit,F
105537,Junsik,Chartres,M
105544,Feiyu,Mitsuhashi,M
105560,Dmitri,Zeleznik,M
105569,Byong,Murillo,M
10557,Sashi,Karlin,M
105573,Danel,Gecsei,M
105578,Sanjai,Heiserman,M
105581,Rasikan,Hanabata,M
105598,Manibrata,Naumovich,M
105599,Nitsan,Kampfer,M
105611,Bingning,Molenkamp,M
105618,Kazunori,Bugaenko,M
105619,Jovan,Poulakidas,M
105632,Xinan,Mahmud,M
105634,Szabolcs,Mullainathan,F
105636,Saeko,Shiratori,F
10564,Jianhao,Thisen,M
105641,Etsuo,Soicher,M
105650,Subhankar,Demos,M
105662,Jinpo,Hoogerwoord,F
105665,Tonia,Falco,F
105682,Kerhong,Juneja,F
105692,Janche,Marakhovsky,M
105701,Marsja,Danley,F
105704,Serif,Gajiwala,F
105708,Bangqing,Botman,M
105717,Aloke,Reinhard,F
105726,Jagoda,Randt,M
105727,Karoline,Chinin,M
105729,Ennio,Michaels,M
105730,Roddy,Diderrich,F
105743,Serap,Osgood,F
105748,Ortrud,Kugler,M
105762,Berry,Babu,F
105775,Abdelaziz,Fontan,F
105779,Tokuyasu,Mersereau,M
105780,Manohar,Picel,F
105793,Dhritiman,Dulli,M
105796,Weiyi,Parveen,M
105805,Kristina,Stille,F
105809,Remko,Frolund,M
105811,Kenroku,Schreiter,M
105819,Somnath,Doering,M
10582,Shmuel,Juneja,M
105823,Sariel,Sluis,F
105833,Dayanand,Schurmann,M
105838,Sudharsan,Glinert,M
10584,Mana,Papastamatiou,M
10585,Sajjad,Willoner,F
105860,Heeju,Juneja,F
105884,Arvind,Esposito,F
105889,Constantino,Blokdijk,M
105893,Vincent,Kriebel,M
105894,Boriana,Salverda,F
10590,Yongqiao,Kalloufi,M
105901,Chenye,Setia,F
105912,Heng,Flexer,F
105915,Marsal,Pearson,M
105917,Zhigen,England,F
105921,Willard,Gubsky,M
105925,Insup,Szilard,M
105934,Gor,Langford,M
105935,Danai,Koshiba,M
105938,Udo,Hambrick,M
105970,Lena,Schreiter,M
105974,Nectarios,Marchegay,M
105985,Armond,Pocchiola,M
105998,Herb,Sanella,F
106009,Niteen,Ruther,M
106010,Mircea,Welham,M
106011,Youpyo,Takanami,M
106016,Mahmut,McClurg,F
106020,Noritoshi,Raoux,M
106023,Harjit,Greibach,M
106036,Radoslaw,Puppe,M
106044,Adamantios,Jeong,M
106049,Tran,Zhang,M
106060,Remko,Underwood,F
10608,Adhemar,Talmor,F
106081,Xiaocheng,Noriega,M
106082,Ziva,Bratsberg,F
106093,Fay,Kobuchi,M
106113,Shigenori,Gill,M
106124,Aloys,Jahnichen,F
106125,Taiji,Walstra,M
106127,Basil,Luit,M
106133,Guadalupe,Heijenga,M
106136,Tonny,Stenning,M
106143,Kristina,Pashtan,M
106164,Hatem,Apsitis,M
106166,Sahrah,Lukaszewicz,M
106174,Barry,Usdin,M
106202,Goetz,Reistad,F
106203,Baruch,Weedman,F
106210,Gino,Pettis,M
106212,Kristof,Pluym,F
106233,Sanjai,Bhattacharjee,M
106240,Shen,Ramras,F
106243,Kristinn,Heering,F
106279,Florina,Back,M
106289,Shigeichiro,Gulik,M
10629,Lalit,Francisci,F
106294,Piyush,Gladwell,F
106307,Gil,Lunn,F
106308,Nobuyoshi,Kitsuregawa,F
106317,Lein,Busillo,M
106319,Jayson,Azulay,M
106321,Mohit,Ramsay,M
106331,Fumiko,Lorch,F
106341,Cedric,Streng,F
106344,Vishu,Siochi,F
106355,Lena,Schmiedel,M
106365,Odinaldo,Crooks,F
106369,Zhenbing,Gien,F
106371,DAIDA,Ratzlaff,F
106378,Adib,Seiwald,F
106381,Dayanand,Tyugu,F
106382,Jeanne,Speek,F
106392,Sungwon,Bernini,M
106394,Paris,Merlo,M
106407,Etsuo,Kinley,F
10642,Hirochika,Narlikar,M
106433,Ortrun,Cherinka,M
106435,Collette,Christ,M
106445,Mircea,Rathonyi,M
106447,Tadanori,Herber,M
106449,Randy,Maraist,M
106454,Uriel,Lovengreen,M
106467,Stamatina,Barriga,M
106482,Alselm,Selenyi,F
106485,Mayumi,Rettelbach,M
106508,Lijie,Orlowski,M
106529,Nectarios,Viele,F
106567,Weiye,Chepyzhov,F
106575,Arnd,Fairtlough,M
106587,Heekeun,Ranka,M
106599,Tadanori,Nitsche,M
106605,Visit,Kulisch,M
10662,Arto,Serra,F
106648,Khue,Masamoto,M
106651,Youpyo,Bardell,M
106682,Tristan,Miake,M
106690,Shushma,Heyers,M
106691,Ranga,Ramras,F
106697,Bernd,Jiafu,M
106699,Utz,Radivojevic,F
106702,Augustine,Turnbull,M
106706,Zongyan,Piazza,M
106710,Babette,Anandan,M
10672,Bluma,Zeilberger,M
106721,Shigehiro,Furedi,F
106728,Shigeaki,Engberts,M
106734,Shmuel,Isard,F
106736,Marla,Raczkowsky,M
10676,Valeri,Danley,F
106760,Marit,Kandlur,M
106762,Shaibal,Erol,M
106764,Bedrich,Bernardinello,M
106771,Radhakrishnan,Yurov,M
106773,Tokuyasu,Simmel,M
106778,Jiakeng,Rehfuss,M
106779,Akemi,Conta,M
106783,Alassane,Shihab,M
106786,Theirry,Speckmann,F
106792,Garnet,Heystek,M
106794,Susanta,Scharstein,F
10680,Kish,Honglei,M
106805,Taegyun,Muchinsky,F
106817,Feipei,Wursthorn,F
106820,Tsutomu,Skafidas,M
106837,Elvia,Nitto,M
106838,Hatem,Luke,F
106840,Zissis,Henders,F
106848,Paddy,Auyong,M
106861,Chriss,Lakshmanan,M
106864,Divier,Chappelet,F
106879,Susanna,DeMori,F
106887,Berna,Castellani,M
106888,Ger,Plesums,M
106891,Martial,Serna,F
106896,Munenori,Vieth,F
106909,Moon,Verhaegen,F
106913,Shalesh,Baumann,M
106924,Ingmar,Fabrizio,M
10693,Berhard,Daescu,F
106935,Kazuhiko,Farrow,F
106937,Adamantios,Wilharm,F
106945,Jiann,Katiyar,F
106964,Greger,Solovay,M
106970,Teruyuki,Heinisuo,F
106985,Adhemar,Pfau,F
106989,Turgut,Anido,F
106991,Ger,Luef,M
10701,Hyuncheol,Zolotykh,M
107021,Dung,Zongker,M
107033,Sakthirel,Sidhu,M
107043,Shigeo,Koshiba,M
107054,Adel,Tischendorf,M
107066,Arfst,Bazelow,M
107068,Adas,Wissmann,M
107074,Wuxu,Rabehasaina,M
107077,Faiza,Dichev,M
107083,Fayez,Lanzelotte,M
10709,Jiafu,Mateescu,F
107091,Manu,Karnin,F
107098,Florina,Verhoeff,F
107105,Patricia,Mitchem,M
107114,Bingning,Butterworth,F
107117,Tsvetan,Cichocki,M
107118,Jordanka,Skogmar,M
107122,Siddarth,Ellozy,F
10713,Jagoda,Naumovich,M
107146,Kokou,Wixon,M
107161,Shawna,Leuchs,F
107179,Seshu,Nitto,F
107185,Tzvetan,Zweizig,M
107200,Mohua,Servi,F
107207,Danil,Gammage,M
107209,Leszek,Zaiane,F
107215,Haldun,Businaro,F
107217,Mansur,Mitina,F
107219,Kasidit,Zyda,M
107221,Marlo,Maquelin,M
107230,Pasqua,Klerer,F
107255,Toshimori,Ferriere,M
107274,Jinya,Porotnikoff,F
10729,Percy,Lorho,F
107292,Lokesh,Weiland,M
107300,Berhard,Laurillard,F
107304,Wuxu,Speek,F
107336,Juichirou,Verspoor,M
107350,Woody,Hebert,F
107363,Gilbert,Dechter,M
107365,Jacopo,Khalid,M
107380,Matt,Demos,F
107383,Heon,Pargas,M
107394,Satoru,Munke,M
107405,Xiaoqiu,Gien,F
107410,Weiyi,Pfau,F
107413,Val,Markovitch,F
107436,Shahab,Herath,F
107438,Sukumar,Angel,M
107440,Shimshon,Dulli,F
107452,Shridhar,Bharadwaj,M
107453,Tran,Melter,M
107455,Amstein,Denny,F
107467,Ottavia,Impagliazzo,M
107498,Sungwon,Hoogerwoord,F
107500,Karoline,Masada,F
107506,Kenroku,Guting,M
107508,Rajmohan,Mapelli,F
107532,Wojceich,Marquardt,M
107545,Hisao,Picci,M
107563,Marin,Seuren,M
107564,Yakkov,Biros,F
107566,Lorien,Hoppenstand,F
10757,Florina,Simkin,M
107578,Bernardo,Swan,M
107581,Kendra,Bazzichi,F
107587,Hatim,Falck,M
107592,Matk,Swist,M
107597,Vasilis,Schaft,F
107620,Gift,Katiyar,F
107628,Fei,Waschkowski,M
107632,Fumino,Schahn,M
107640,Dmitri,Sifakis,F
107645,Armond,Iwayama,M
107654,Bernd,Speek,M
107657,Kwangsub,Rossi,M
107668,Debaprosad,Guerreiro,M
107674,Xuejia,Saoudi,F
107675,Ibibia,Conde,F
107682,Georgi,Leonhardt,M
107687,Alper,Bottner,M
107691,Susuma,Kossowski,M
107693,Kenton,Bharadwaj,M
107717,Masamitsu,Speek,F
107721,Wanqing,Aingworth,F
107733,Conal,Lovengreen,M
107740,Gio,Lukaszewicz,M
107757,George,Schnabel,M
107759,Golgen,Coorg,M
10776,Mahmut,Skafidas,F
107763,Katsuo,Hasham,M
107764,Moie,Mersereau,M
107767,Franziska,Gini,M
107777,Xiaoqiu,Setlzner,M
10778,Selwyn,Merey,M
107783,Aris,Thebaut,M
107792,Shahab,Crooks,M
107795,Pranav,Terkki,F
107799,Masaki,Skafidas,F
107800,Goncalo,Stenning,M
107807,Narain,Granlund,F
107813,Rildo,Puppo,M
107818,Sumali,Menhoudj,M
107822,Hatem,Kroll,M
107825,Shounak,Hemaspaandra,M
